,hash_id,model_name,config,r,config_str
0,069f86e304c5e322018de9d1b155c769,a2c,"{'learning_rate': 1e-05, 'n_steps': 10, 'gamma': 0.99, 'ent_coef': 0.005, 'normalize_advantage': True, 'use_rms_prop': False, 'name': 'variant_1'}",0.011408581754880354,8367ba496a6df38f6532ffe6b2d1bb2a
1,764d0976ac29f04eb19b90e27e18bddd,ppo,"{'learning_rate': 1e-05, 'n_steps': 2048, 'batch_size': 128, 'gamma': 0.98, 'ent_coef': 1e-05, 'clip_range': 0.3, 'gae_lambda': 0.95, 'name': 'variant_1'}",0.234705007608212,8c2c3abd24de59766dc1dbe9eca02e63
2,71ca06de729ef73064945daa090ba7cc,ddpg,"{'learning_rate': 0.0001, 'batch_size': 128, 'buffer_size': 100000, 'tau': 0.005, 'gamma': 0.99, 'train_freq': 1, 'action_noise': 'normal', 'name': 'variant_1'}",0.508573680553591,ff0c9fe0c504e49f5b718c94ec7a6e3b
3,8d1df26cce39ffb0c4e792f2456d00ac,sac,"{'learning_rate': 0.0001, 'batch_size': 128, 'buffer_size': 1000000, 'tau': 0.01, 'gamma': 0.98, 'train_freq': 1, 'ent_coef': 'auto', 'name': 'variant_1'}",0.0,394365c325924c3047cd2b1f05ccff54
4,0ac3fefc4465dea92cfe9ea549890d45,td3,"{'learning_rate': 1e-05, 'batch_size': 64, 'buffer_size': 1000000, 'tau': 0.01, 'gamma': 0.98, 'train_freq': 10, 'action_noise': 'ornstein_uhlenbeck', 'name': 'variant_1'}",0.0,a67abf7db6fc46b69fbe49763ac45f05
5,9da838a2cef0b22dbf5231abcbd03b2c,a2c,"{'learning_rate': 1e-05, 'n_steps': 10, 'gamma': 0.99, 'ent_coef': 0.005, 'normalize_advantage': True, 'use_rms_prop': False, 'name': 'variant_2'}",0.025355379185473925,8367ba496a6df38f6532ffe6b2d1bb2a
6,ea443324417f4f0a0fc95a8a3397bd11,ppo,"{'learning_rate': 1e-05, 'n_steps': 2048, 'batch_size': 128, 'gamma': 0.98, 'ent_coef': 1e-05, 'clip_range': 0.3, 'gae_lambda': 0.95, 'name': 'variant_2'}",0.12374105569096594,8c2c3abd24de59766dc1dbe9eca02e63
7,8c961ba9f196f38d714587ec940826a2,ddpg,"{'learning_rate': 0.0001, 'batch_size': 128, 'buffer_size': 100000, 'tau': 0.005, 'gamma': 0.99, 'train_freq': 1, 'action_noise': 'normal', 'name': 'variant_2'}",0.0,ff0c9fe0c504e49f5b718c94ec7a6e3b
8,2e2fffa4df2d4d915d306b1995103887,sac,"{'learning_rate': 0.0001, 'batch_size': 128, 'buffer_size': 1000000, 'tau': 0.01, 'gamma': 0.98, 'train_freq': 1, 'ent_coef': 'auto', 'name': 'variant_2'}",0.508573680553591,394365c325924c3047cd2b1f05ccff54
9,f8d5d9fe6dd0ab1dab358592531810bf,td3,"{'learning_rate': 1e-05, 'batch_size': 64, 'buffer_size': 1000000, 'tau': 0.01, 'gamma': 0.98, 'train_freq': 10, 'action_noise': 'ornstein_uhlenbeck', 'name': 'variant_2'}",0.0,a67abf7db6fc46b69fbe49763ac45f05
10,3015dfad58d5b3f79b76e270d7ffb2e0,a2c,"{'learning_rate': 1e-05, 'n_steps': 10, 'gamma': 0.99, 'ent_coef': 0.005, 'normalize_advantage': True, 'use_rms_prop': False, 'name': 'variant_3'}",0.1756047196561492,8367ba496a6df38f6532ffe6b2d1bb2a
11,5d4f753f073b66fb8bd0798b219aa608,ppo,"{'learning_rate': 1e-05, 'n_steps': 2048, 'batch_size': 128, 'gamma': 0.98, 'ent_coef': 1e-05, 'clip_range': 0.3, 'gae_lambda': 0.95, 'name': 'variant_3'}",0.028509705230878923,8c2c3abd24de59766dc1dbe9eca02e63
12,bfa667c9fbb22459faebb3e870efe4ca,ddpg,"{'learning_rate': 0.0001, 'batch_size': 128, 'buffer_size': 100000, 'tau': 0.005, 'gamma': 0.99, 'train_freq': 1, 'action_noise': 'normal', 'name': 'variant_3'}",0.0,ff0c9fe0c504e49f5b718c94ec7a6e3b
13,00083a462ad5ae62f87b5051d9812412,sac,"{'learning_rate': 0.0001, 'batch_size': 128, 'buffer_size': 1000000, 'tau': 0.01, 'gamma': 0.98, 'train_freq': 1, 'ent_coef': 'auto', 'name': 'variant_3'}",0.508573680553591,394365c325924c3047cd2b1f05ccff54
14,2b9b48804e64f24d27cd532f065c9cf5,td3,"{'learning_rate': 1e-05, 'batch_size': 64, 'buffer_size': 1000000, 'tau': 0.01, 'gamma': 0.98, 'train_freq': 10, 'action_noise': 'ornstein_uhlenbeck', 'name': 'variant_3'}",0.508573680553591,a67abf7db6fc46b69fbe49763ac45f05
15,56912950f1086c5ca063a02e3539b7fb,a2c,"{'learning_rate': 1e-05, 'n_steps': 10, 'gamma': 0.99, 'ent_coef': 0.005, 'normalize_advantage': True, 'use_rms_prop': False, 'name': 'variant_4'}",0.11773334209146902,8367ba496a6df38f6532ffe6b2d1bb2a
16,c89c55718d3dcbd9970a0cdb49442618,ppo,"{'learning_rate': 1e-05, 'n_steps': 2048, 'batch_size': 128, 'gamma': 0.98, 'ent_coef': 1e-05, 'clip_range': 0.3, 'gae_lambda': 0.95, 'name': 'variant_4'}",0.24198398763817464,8c2c3abd24de59766dc1dbe9eca02e63
17,033f845b3db776f35b5cde78000060bf,ddpg,"{'learning_rate': 0.0001, 'batch_size': 128, 'buffer_size': 100000, 'tau': 0.005, 'gamma': 0.99, 'train_freq': 1, 'action_noise': 'normal', 'name': 'variant_4'}",0.508573680553591,ff0c9fe0c504e49f5b718c94ec7a6e3b
18,63c271c6dc9d17543378215d58fbb260,sac,"{'learning_rate': 0.0001, 'batch_size': 128, 'buffer_size': 1000000, 'tau': 0.01, 'gamma': 0.98, 'train_freq': 1, 'ent_coef': 'auto', 'name': 'variant_4'}",0.0,394365c325924c3047cd2b1f05ccff54
19,a95e11e2e28caa07ef2db1a92484d62c,td3,"{'learning_rate': 1e-05, 'batch_size': 64, 'buffer_size': 1000000, 'tau': 0.01, 'gamma': 0.98, 'train_freq': 10, 'action_noise': 'ornstein_uhlenbeck', 'name': 'variant_4'}",0.0,a67abf7db6fc46b69fbe49763ac45f05
20,44bcf19f2c73bc2d7a6ce89b2526f941,a2c,"{'learning_rate': 1e-05, 'n_steps': 10, 'gamma': 0.99, 'ent_coef': 0.005, 'normalize_advantage': True, 'use_rms_prop': False, 'name': 'variant_5'}",0.021330894029783165,8367ba496a6df38f6532ffe6b2d1bb2a
21,9058650580cd29a4c1dfb050d8d41ec5,ppo,"{'learning_rate': 1e-05, 'n_steps': 2048, 'batch_size': 128, 'gamma': 0.98, 'ent_coef': 1e-05, 'clip_range': 0.3, 'gae_lambda': 0.95, 'name': 'variant_5'}",0.061284250427385834,8c2c3abd24de59766dc1dbe9eca02e63
22,7be44ed126fa7730a1d1496c67ceb21f,ddpg,"{'learning_rate': 0.0001, 'batch_size': 128, 'buffer_size': 100000, 'tau': 0.005, 'gamma': 0.99, 'train_freq': 1, 'action_noise': 'normal', 'name': 'variant_5'}",0.0,ff0c9fe0c504e49f5b718c94ec7a6e3b
23,fe56876d04fd996dfbeabf67bebbd8c9,sac,"{'learning_rate': 0.0001, 'batch_size': 128, 'buffer_size': 1000000, 'tau': 0.01, 'gamma': 0.98, 'train_freq': 1, 'ent_coef': 'auto', 'name': 'variant_5'}",0.508573680553591,394365c325924c3047cd2b1f05ccff54
24,c27fe5e590307708ab3155a94c2b6973,td3,"{'learning_rate': 1e-05, 'batch_size': 64, 'buffer_size': 1000000, 'tau': 0.01, 'gamma': 0.98, 'train_freq': 10, 'action_noise': 'ornstein_uhlenbeck', 'name': 'variant_5'}",0.0,a67abf7db6fc46b69fbe49763ac45f05
25,b3a8504015c03efd6de4662636991bea,a2c,"{'learning_rate': 1e-05, 'n_steps': 10, 'gamma': 0.99, 'ent_coef': 0.005, 'normalize_advantage': True, 'use_rms_prop': False, 'name': 'variant_6'}",0.014980410007963352,8367ba496a6df38f6532ffe6b2d1bb2a
26,c5655d82fe285d221c9c59e4a1783566,ppo,"{'learning_rate': 1e-05, 'n_steps': 2048, 'batch_size': 128, 'gamma': 0.98, 'ent_coef': 1e-05, 'clip_range': 0.3, 'gae_lambda': 0.95, 'name': 'variant_6'}",0.05274681525886904,8c2c3abd24de59766dc1dbe9eca02e63
27,8cb30768c343271a581c8afebf2f3498,ddpg,"{'learning_rate': 0.0001, 'batch_size': 128, 'buffer_size': 100000, 'tau': 0.005, 'gamma': 0.99, 'train_freq': 1, 'action_noise': 'normal', 'name': 'variant_6'}",0.508573680553591,ff0c9fe0c504e49f5b718c94ec7a6e3b
28,dbdb2f57eb5774b82e63b31dfab95c07,sac,"{'learning_rate': 0.0001, 'batch_size': 128, 'buffer_size': 1000000, 'tau': 0.01, 'gamma': 0.98, 'train_freq': 1, 'ent_coef': 'auto', 'name': 'variant_6'}",0.508573680553591,394365c325924c3047cd2b1f05ccff54
29,2befec032f7b34c089cf6073b18163cc,td3,"{'learning_rate': 1e-05, 'batch_size': 64, 'buffer_size': 1000000, 'tau': 0.01, 'gamma': 0.98, 'train_freq': 10, 'action_noise': 'ornstein_uhlenbeck', 'name': 'variant_6'}",0.0,a67abf7db6fc46b69fbe49763ac45f05
30,f55ddad4ed4020059456152a0338b001,a2c,"{'learning_rate': 1e-05, 'n_steps': 10, 'gamma': 0.99, 'ent_coef': 0.005, 'normalize_advantage': True, 'use_rms_prop': False, 'name': 'variant_7'}",0.19415570679478988,8367ba496a6df38f6532ffe6b2d1bb2a
31,40874f2e22baf92d44ad48b459229aa6,ppo,"{'learning_rate': 1e-05, 'n_steps': 2048, 'batch_size': 128, 'gamma': 0.98, 'ent_coef': 1e-05, 'clip_range': 0.3, 'gae_lambda': 0.95, 'name': 'variant_7'}",0.019245304128131524,8c2c3abd24de59766dc1dbe9eca02e63
32,31e862a5888a686a4f54471e60777831,ddpg,"{'learning_rate': 0.0001, 'batch_size': 128, 'buffer_size': 100000, 'tau': 0.005, 'gamma': 0.99, 'train_freq': 1, 'action_noise': 'normal', 'name': 'variant_7'}",0.0,ff0c9fe0c504e49f5b718c94ec7a6e3b
33,4e7258550ceb434ae0c6877af2b9eda6,sac,"{'learning_rate': 0.0001, 'batch_size': 128, 'buffer_size': 1000000, 'tau': 0.01, 'gamma': 0.98, 'train_freq': 1, 'ent_coef': 'auto', 'name': 'variant_7'}",0.508573680553591,394365c325924c3047cd2b1f05ccff54
34,539207d8d55b83d1ff9c81192a018a85,td3,"{'learning_rate': 1e-05, 'batch_size': 64, 'buffer_size': 1000000, 'tau': 0.01, 'gamma': 0.98, 'train_freq': 10, 'action_noise': 'ornstein_uhlenbeck', 'name': 'variant_7'}",0.508573680553591,a67abf7db6fc46b69fbe49763ac45f05
35,c35d8f83895acf4b37e14f49e20b775d,a2c,"{'learning_rate': 1e-05, 'n_steps': 10, 'gamma': 0.99, 'ent_coef': 0.005, 'normalize_advantage': True, 'use_rms_prop': False, 'name': 'variant_8'}",0.0386956785731718,8367ba496a6df38f6532ffe6b2d1bb2a
36,03a2ba26fde21fc86bf12b4d78d4052d,ppo,"{'learning_rate': 1e-05, 'n_steps': 2048, 'batch_size': 128, 'gamma': 0.98, 'ent_coef': 1e-05, 'clip_range': 0.3, 'gae_lambda': 0.95, 'name': 'variant_8'}",0.29076063729155877,8c2c3abd24de59766dc1dbe9eca02e63
37,0379f9f9438c2cb3c5b415881ebe174f,ddpg,"{'learning_rate': 0.0001, 'batch_size': 128, 'buffer_size': 100000, 'tau': 0.005, 'gamma': 0.99, 'train_freq': 1, 'action_noise': 'normal', 'name': 'variant_8'}",0.0,ff0c9fe0c504e49f5b718c94ec7a6e3b
38,7125d6b00f7ef0ba159e2bd783ea3be7,sac,"{'learning_rate': 0.0001, 'batch_size': 128, 'buffer_size': 1000000, 'tau': 0.01, 'gamma': 0.98, 'train_freq': 1, 'ent_coef': 'auto', 'name': 'variant_8'}",0.0,394365c325924c3047cd2b1f05ccff54
39,c1fed32853f05bd9bb0969d254dfd4ff,td3,"{'learning_rate': 1e-05, 'batch_size': 64, 'buffer_size': 1000000, 'tau': 0.01, 'gamma': 0.98, 'train_freq': 10, 'action_noise': 'ornstein_uhlenbeck', 'name': 'variant_8'}",0.0,a67abf7db6fc46b69fbe49763ac45f05
40,8ceca15711836ac76e0460bcd5ab69b7,a2c,"{'learning_rate': 1e-05, 'n_steps': 10, 'gamma': 0.99, 'ent_coef': 0.005, 'normalize_advantage': True, 'use_rms_prop': False, 'name': 'variant_9'}",0.13626815427565253,8367ba496a6df38f6532ffe6b2d1bb2a
41,db454d00938134f96415d6aaa7757aab,ppo,"{'learning_rate': 1e-05, 'n_steps': 2048, 'batch_size': 128, 'gamma': 0.98, 'ent_coef': 1e-05, 'clip_range': 0.3, 'gae_lambda': 0.95, 'name': 'variant_9'}",0.21518177493411672,8c2c3abd24de59766dc1dbe9eca02e63
42,b6774edb5126b606f665789f318663aa,ddpg,"{'learning_rate': 0.0001, 'batch_size': 128, 'buffer_size': 100000, 'tau': 0.005, 'gamma': 0.99, 'train_freq': 1, 'action_noise': 'normal', 'name': 'variant_9'}",0.0,ff0c9fe0c504e49f5b718c94ec7a6e3b
43,35624637d40fed29e1b7fc43192d6e68,sac,"{'learning_rate': 0.0001, 'batch_size': 128, 'buffer_size': 1000000, 'tau': 0.01, 'gamma': 0.98, 'train_freq': 1, 'ent_coef': 'auto', 'name': 'variant_9'}",0.0,394365c325924c3047cd2b1f05ccff54
44,6cde434f507f24015b0a2c6498e83140,td3,"{'learning_rate': 1e-05, 'batch_size': 64, 'buffer_size': 1000000, 'tau': 0.01, 'gamma': 0.98, 'train_freq': 10, 'action_noise': 'ornstein_uhlenbeck', 'name': 'variant_9'}",0.508573680553591,a67abf7db6fc46b69fbe49763ac45f05
45,3ba287c6e679121a529573bfab37dba8,a2c,"{'learning_rate': 1e-05, 'n_steps': 10, 'gamma': 0.99, 'ent_coef': 0.005, 'normalize_advantage': True, 'use_rms_prop': False, 'name': 'variant_10'}",0.129924712342538,8367ba496a6df38f6532ffe6b2d1bb2a
46,314281963b277c9dd591ffab7b3f5aa9,ppo,"{'learning_rate': 1e-05, 'n_steps': 2048, 'batch_size': 128, 'gamma': 0.98, 'ent_coef': 1e-05, 'clip_range': 0.3, 'gae_lambda': 0.95, 'name': 'variant_10'}",0.18734585713616214,8c2c3abd24de59766dc1dbe9eca02e63
47,cc9edda3ebb8fcdeb398e89fa7ed4e2c,ddpg,"{'learning_rate': 0.0001, 'batch_size': 128, 'buffer_size': 100000, 'tau': 0.005, 'gamma': 0.99, 'train_freq': 1, 'action_noise': 'normal', 'name': 'variant_10'}",0.0,ff0c9fe0c504e49f5b718c94ec7a6e3b
48,5cacc963ffa5595cf7007072d5c31681,sac,"{'learning_rate': 0.0001, 'batch_size': 128, 'buffer_size': 1000000, 'tau': 0.01, 'gamma': 0.98, 'train_freq': 1, 'ent_coef': 'auto', 'name': 'variant_10'}",0.0,394365c325924c3047cd2b1f05ccff54
49,d9e42296cc4293e2bc923bf023c5dad9,td3,"{'learning_rate': 1e-05, 'batch_size': 64, 'buffer_size': 1000000, 'tau': 0.01, 'gamma': 0.98, 'train_freq': 10, 'action_noise': 'ornstein_uhlenbeck', 'name': 'variant_10'}",0.0,a67abf7db6fc46b69fbe49763ac45f05
50,cf4073efc79463b045a17286181c3afe,a2c,"{'learning_rate': 1e-05, 'n_steps': 5, 'gamma': 0.99, 'ent_coef': 0.005, 'normalize_advantage': False, 'use_rms_prop': True, 'name': 'variant_1'}",-0.012347238223321955,4fd6ccc389f1fe7b023d3ca2bc7019a6
51,665e3976a7261c3be7b37d5d86bbf0ce,ppo,"{'learning_rate': 0.0001, 'n_steps': 1024, 'batch_size': 128, 'gamma': 0.99, 'ent_coef': 0.001, 'clip_range': 0.3, 'gae_lambda': 0.95, 'name': 'variant_1'}",0.19582099055845048,f70e5bf4c4ce997b255b2234867dd659
52,5e512aa39ccb159612fbe73ad8176f0c,ddpg,"{'learning_rate': 0.001, 'batch_size': 64, 'buffer_size': 100000, 'tau': 0.01, 'gamma': 0.99, 'train_freq': 10, 'action_noise': 'normal', 'name': 'variant_1'}",0.508573680553591,e5434f0eef75665da73da258f633d8df
53,5a4a175ee1bb02824c6f5859d8e7db58,sac,"{'learning_rate': 0.001, 'batch_size': 128, 'buffer_size': 100000, 'tau': 0.01, 'gamma': 0.98, 'train_freq': 1, 'ent_coef': 'auto', 'name': 'variant_1'}",0.0,696662c507b0bf77607d3fbec612e079
54,e72b3d94fe068e523dad7e7a32f12d38,td3,"{'learning_rate': 0.001, 'batch_size': 128, 'buffer_size': 100000, 'tau': 0.005, 'gamma': 0.99, 'train_freq': 10, 'action_noise': 'normal', 'name': 'variant_1'}",0.0,3164a7a3091a6f1d7f18a477441bc1cf
55,9975e4c4064a1b3af8cb83375c00fbba,a2c,"{'learning_rate': 1e-05, 'n_steps': 5, 'gamma': 0.99, 'ent_coef': 0.005, 'normalize_advantage': False, 'use_rms_prop': True, 'name': 'variant_2'}",0.11342028722451447,4fd6ccc389f1fe7b023d3ca2bc7019a6
56,e23fbd19474ff2cea004e5f99c566bdf,ppo,"{'learning_rate': 0.0001, 'n_steps': 1024, 'batch_size': 128, 'gamma': 0.99, 'ent_coef': 0.001, 'clip_range': 0.3, 'gae_lambda': 0.95, 'name': 'variant_2'}",0.46563584913208644,f70e5bf4c4ce997b255b2234867dd659
57,8e6e8b2373595bf569c0e6de2cc2538b,ddpg,"{'learning_rate': 0.001, 'batch_size': 64, 'buffer_size': 100000, 'tau': 0.01, 'gamma': 0.99, 'train_freq': 10, 'action_noise': 'normal', 'name': 'variant_2'}",0.0,e5434f0eef75665da73da258f633d8df
58,0ecc96ba129d97bc2a25d168b124e00b,sac,"{'learning_rate': 0.001, 'batch_size': 128, 'buffer_size': 100000, 'tau': 0.01, 'gamma': 0.98, 'train_freq': 1, 'ent_coef': 'auto', 'name': 'variant_2'}",0.0,696662c507b0bf77607d3fbec612e079
59,3602388cf9b5ee620de6140e3da2ed2d,td3,"{'learning_rate': 0.001, 'batch_size': 128, 'buffer_size': 100000, 'tau': 0.005, 'gamma': 0.99, 'train_freq': 10, 'action_noise': 'normal', 'name': 'variant_2'}",0.0,3164a7a3091a6f1d7f18a477441bc1cf
60,f9e82d46f78fdeec698fe91325fc0548,a2c,"{'learning_rate': 1e-05, 'n_steps': 5, 'gamma': 0.99, 'ent_coef': 0.005, 'normalize_advantage': False, 'use_rms_prop': True, 'name': 'variant_3'}",0.050193027899302134,4fd6ccc389f1fe7b023d3ca2bc7019a6
61,85e891251465946866a9ad27b1ba6266,ppo,"{'learning_rate': 0.0001, 'n_steps': 1024, 'batch_size': 128, 'gamma': 0.99, 'ent_coef': 0.001, 'clip_range': 0.3, 'gae_lambda': 0.95, 'name': 'variant_3'}",0.35984622049277704,f70e5bf4c4ce997b255b2234867dd659
62,6954a8b80c7c8dd277dc3ac5fe6de694,ddpg,"{'learning_rate': 0.001, 'batch_size': 64, 'buffer_size': 100000, 'tau': 0.01, 'gamma': 0.99, 'train_freq': 10, 'action_noise': 'normal', 'name': 'variant_3'}",0.508573680553591,e5434f0eef75665da73da258f633d8df
63,057b84c08b57e3affdce9dc5acec4cca,sac,"{'learning_rate': 0.001, 'batch_size': 128, 'buffer_size': 100000, 'tau': 0.01, 'gamma': 0.98, 'train_freq': 1, 'ent_coef': 'auto', 'name': 'variant_3'}",0.508573680553591,696662c507b0bf77607d3fbec612e079
64,90077a901e20ec9aa098bc65ab037de4,td3,"{'learning_rate': 0.001, 'batch_size': 128, 'buffer_size': 100000, 'tau': 0.005, 'gamma': 0.99, 'train_freq': 10, 'action_noise': 'normal', 'name': 'variant_3'}",0.0,3164a7a3091a6f1d7f18a477441bc1cf
65,6082ba0c64efab417598ed6aa7fc7484,a2c,"{'learning_rate': 1e-05, 'n_steps': 5, 'gamma': 0.99, 'ent_coef': 0.005, 'normalize_advantage': False, 'use_rms_prop': True, 'name': 'variant_4'}",0.4129673361238446,4fd6ccc389f1fe7b023d3ca2bc7019a6
66,71af53d87489f5bfdbf2dff1906d7332,ppo,"{'learning_rate': 0.0001, 'n_steps': 1024, 'batch_size': 128, 'gamma': 0.99, 'ent_coef': 0.001, 'clip_range': 0.3, 'gae_lambda': 0.95, 'name': 'variant_4'}",-0.0035399136113010155,f70e5bf4c4ce997b255b2234867dd659
67,05c47c5c4a05ef00fe477750c6bbb9c4,ddpg,"{'learning_rate': 0.001, 'batch_size': 64, 'buffer_size': 100000, 'tau': 0.01, 'gamma': 0.99, 'train_freq': 10, 'action_noise': 'normal', 'name': 'variant_4'}",0.0,e5434f0eef75665da73da258f633d8df
68,4e3a10f2c2cc78899457b34e182836ef,sac,"{'learning_rate': 0.001, 'batch_size': 128, 'buffer_size': 100000, 'tau': 0.01, 'gamma': 0.98, 'train_freq': 1, 'ent_coef': 'auto', 'name': 'variant_4'}",0.508573680553591,696662c507b0bf77607d3fbec612e079
69,21c8a46426d464f3943bff5bea2e8f45,td3,"{'learning_rate': 0.001, 'batch_size': 128, 'buffer_size': 100000, 'tau': 0.005, 'gamma': 0.99, 'train_freq': 10, 'action_noise': 'normal', 'name': 'variant_4'}",0.0,3164a7a3091a6f1d7f18a477441bc1cf
70,6573d4089baf5715ea27009b98d2aef7,a2c,"{'learning_rate': 1e-05, 'n_steps': 5, 'gamma': 0.99, 'ent_coef': 0.005, 'normalize_advantage': False, 'use_rms_prop': True, 'name': 'variant_5'}",0.3497760022049601,4fd6ccc389f1fe7b023d3ca2bc7019a6
71,2b93bbe039b3185a0dc53905a3008e68,ppo,"{'learning_rate': 0.0001, 'n_steps': 1024, 'batch_size': 128, 'gamma': 0.99, 'ent_coef': 0.001, 'clip_range': 0.3, 'gae_lambda': 0.95, 'name': 'variant_5'}",0.18134589208161023,f70e5bf4c4ce997b255b2234867dd659
72,f2dc38c3a696a0e5909445ffa1da3817,ddpg,"{'learning_rate': 0.001, 'batch_size': 64, 'buffer_size': 100000, 'tau': 0.01, 'gamma': 0.99, 'train_freq': 10, 'action_noise': 'normal', 'name': 'variant_5'}",0.0,e5434f0eef75665da73da258f633d8df
73,d4013a8b345e7aaee5091ca49f792b99,sac,"{'learning_rate': 0.001, 'batch_size': 128, 'buffer_size': 100000, 'tau': 0.01, 'gamma': 0.98, 'train_freq': 1, 'ent_coef': 'auto', 'name': 'variant_5'}",0.0,696662c507b0bf77607d3fbec612e079
74,2323e0e0876efa50c55182db0ca14553,td3,"{'learning_rate': 0.001, 'batch_size': 128, 'buffer_size': 100000, 'tau': 0.005, 'gamma': 0.99, 'train_freq': 10, 'action_noise': 'normal', 'name': 'variant_5'}",0.0,3164a7a3091a6f1d7f18a477441bc1cf
75,894c8d52eb0fc2b408c31c7ea774145d,a2c,"{'learning_rate': 1e-05, 'n_steps': 5, 'gamma': 0.99, 'ent_coef': 0.005, 'normalize_advantage': False, 'use_rms_prop': True, 'name': 'variant_6'}",0.14791881038220955,4fd6ccc389f1fe7b023d3ca2bc7019a6
76,81367912438bf2e6bc3c8540b55ab3c4,ppo,"{'learning_rate': 0.0001, 'n_steps': 1024, 'batch_size': 128, 'gamma': 0.99, 'ent_coef': 0.001, 'clip_range': 0.3, 'gae_lambda': 0.95, 'name': 'variant_6'}",0.34040015106444965,f70e5bf4c4ce997b255b2234867dd659
77,d9addfa5b933fe917149b91f9b6e6b66,ddpg,"{'learning_rate': 0.001, 'batch_size': 64, 'buffer_size': 100000, 'tau': 0.01, 'gamma': 0.99, 'train_freq': 10, 'action_noise': 'normal', 'name': 'variant_6'}",0.508573680553591,e5434f0eef75665da73da258f633d8df
78,3f476d8c44eed6407d15da1d8da22635,sac,"{'learning_rate': 0.001, 'batch_size': 128, 'buffer_size': 100000, 'tau': 0.01, 'gamma': 0.98, 'train_freq': 1, 'ent_coef': 'auto', 'name': 'variant_6'}",0.508573680553591,696662c507b0bf77607d3fbec612e079
79,3d4d7e4a24768e3b3a47a79148235d4b,td3,"{'learning_rate': 0.001, 'batch_size': 128, 'buffer_size': 100000, 'tau': 0.005, 'gamma': 0.99, 'train_freq': 10, 'action_noise': 'normal', 'name': 'variant_6'}",0.508573680553591,3164a7a3091a6f1d7f18a477441bc1cf
80,a623fcd53678fb716cde81b30e42100c,a2c,"{'learning_rate': 1e-05, 'n_steps': 5, 'gamma': 0.99, 'ent_coef': 0.005, 'normalize_advantage': False, 'use_rms_prop': True, 'name': 'variant_7'}",0.22857864226366553,4fd6ccc389f1fe7b023d3ca2bc7019a6
81,b1520fe3c68dca430a84b84163bf1884,ppo,"{'learning_rate': 0.0001, 'n_steps': 1024, 'batch_size': 128, 'gamma': 0.99, 'ent_coef': 0.001, 'clip_range': 0.3, 'gae_lambda': 0.95, 'name': 'variant_7'}",0.2070903157228603,f70e5bf4c4ce997b255b2234867dd659
82,9048019f5f15591f1816d02643a0b278,ddpg,"{'learning_rate': 0.001, 'batch_size': 64, 'buffer_size': 100000, 'tau': 0.01, 'gamma': 0.99, 'train_freq': 10, 'action_noise': 'normal', 'name': 'variant_7'}",0.0,e5434f0eef75665da73da258f633d8df
83,fd9fd3e1288e22a857f30c44645d8997,sac,"{'learning_rate': 0.001, 'batch_size': 128, 'buffer_size': 100000, 'tau': 0.01, 'gamma': 0.98, 'train_freq': 1, 'ent_coef': 'auto', 'name': 'variant_7'}",0.0,696662c507b0bf77607d3fbec612e079
84,42b570c09a8f382403b83ffe68681b90,td3,"{'learning_rate': 0.001, 'batch_size': 128, 'buffer_size': 100000, 'tau': 0.005, 'gamma': 0.99, 'train_freq': 10, 'action_noise': 'normal', 'name': 'variant_7'}",0.508573680553591,3164a7a3091a6f1d7f18a477441bc1cf
85,81ccfbb51cd6129f72274092a378e51c,a2c,"{'learning_rate': 1e-05, 'n_steps': 5, 'gamma': 0.99, 'ent_coef': 0.005, 'normalize_advantage': False, 'use_rms_prop': True, 'name': 'variant_8'}",0.07157558542229303,4fd6ccc389f1fe7b023d3ca2bc7019a6
86,b39c5dd82dbcbb1ba1767e516f284691,ppo,"{'learning_rate': 0.0001, 'n_steps': 1024, 'batch_size': 128, 'gamma': 0.99, 'ent_coef': 0.001, 'clip_range': 0.3, 'gae_lambda': 0.95, 'name': 'variant_8'}",0.008658409690748492,f70e5bf4c4ce997b255b2234867dd659
87,b5283578fddcb870b0c5446cdbb2b878,ddpg,"{'learning_rate': 0.001, 'batch_size': 64, 'buffer_size': 100000, 'tau': 0.01, 'gamma': 0.99, 'train_freq': 10, 'action_noise': 'normal', 'name': 'variant_8'}",0.0,e5434f0eef75665da73da258f633d8df
88,5cf3da38850724923bb78a3a3963609f,sac,"{'learning_rate': 0.001, 'batch_size': 128, 'buffer_size': 100000, 'tau': 0.01, 'gamma': 0.98, 'train_freq': 1, 'ent_coef': 'auto', 'name': 'variant_8'}",0.508573680553591,696662c507b0bf77607d3fbec612e079
89,7d5a9a298c10904db57d7be6580f678f,td3,"{'learning_rate': 0.001, 'batch_size': 128, 'buffer_size': 100000, 'tau': 0.005, 'gamma': 0.99, 'train_freq': 10, 'action_noise': 'normal', 'name': 'variant_8'}",0.508573680553591,3164a7a3091a6f1d7f18a477441bc1cf
90,a55b9d560d5b86b0e26f2a4c611f0947,a2c,"{'learning_rate': 1e-05, 'n_steps': 5, 'gamma': 0.99, 'ent_coef': 0.005, 'normalize_advantage': False, 'use_rms_prop': True, 'name': 'variant_9'}",0.13503081167589936,4fd6ccc389f1fe7b023d3ca2bc7019a6
91,a3f36e8058d4990cebe04bdef9a1da81,ppo,"{'learning_rate': 0.0001, 'n_steps': 1024, 'batch_size': 128, 'gamma': 0.99, 'ent_coef': 0.001, 'clip_range': 0.3, 'gae_lambda': 0.95, 'name': 'variant_9'}",0.3276615316587732,f70e5bf4c4ce997b255b2234867dd659
92,691de24adf4a4aef7d703cd11f6dcf1f,ddpg,"{'learning_rate': 0.001, 'batch_size': 64, 'buffer_size': 100000, 'tau': 0.01, 'gamma': 0.99, 'train_freq': 10, 'action_noise': 'normal', 'name': 'variant_9'}",0.0,e5434f0eef75665da73da258f633d8df
93,4a6884bda31d2fbb0bb8334c4fb0e2d8,sac,"{'learning_rate': 0.001, 'batch_size': 128, 'buffer_size': 100000, 'tau': 0.01, 'gamma': 0.98, 'train_freq': 1, 'ent_coef': 'auto', 'name': 'variant_9'}",0.0,696662c507b0bf77607d3fbec612e079
94,9b19acc2ec77d39c3eb9c27202fe797a,td3,"{'learning_rate': 0.001, 'batch_size': 128, 'buffer_size': 100000, 'tau': 0.005, 'gamma': 0.99, 'train_freq': 10, 'action_noise': 'normal', 'name': 'variant_9'}",0.0,3164a7a3091a6f1d7f18a477441bc1cf
95,e79e45607cee7a6b03918e0f131d1761,a2c,"{'learning_rate': 1e-05, 'n_steps': 5, 'gamma': 0.99, 'ent_coef': 0.005, 'normalize_advantage': False, 'use_rms_prop': True, 'name': 'variant_10'}",0.035233485917208096,4fd6ccc389f1fe7b023d3ca2bc7019a6
96,a3685335f9cba4c80a63db878f2c0cad,ppo,"{'learning_rate': 0.0001, 'n_steps': 1024, 'batch_size': 128, 'gamma': 0.99, 'ent_coef': 0.001, 'clip_range': 0.3, 'gae_lambda': 0.95, 'name': 'variant_10'}",0.138428524511923,f70e5bf4c4ce997b255b2234867dd659
97,8c8fe36356785f4d45987912c40087b1,ddpg,"{'learning_rate': 0.001, 'batch_size': 64, 'buffer_size': 100000, 'tau': 0.01, 'gamma': 0.99, 'train_freq': 10, 'action_noise': 'normal', 'name': 'variant_10'}",0.0,e5434f0eef75665da73da258f633d8df
98,caaf5d6741c17641900423e6933889ec,sac,"{'learning_rate': 0.001, 'batch_size': 128, 'buffer_size': 100000, 'tau': 0.01, 'gamma': 0.98, 'train_freq': 1, 'ent_coef': 'auto', 'name': 'variant_10'}",0.0,696662c507b0bf77607d3fbec612e079
99,1b792c9a9f1a6ec0c012bca7756d899c,td3,"{'learning_rate': 0.001, 'batch_size': 128, 'buffer_size': 100000, 'tau': 0.005, 'gamma': 0.99, 'train_freq': 10, 'action_noise': 'normal', 'name': 'variant_10'}",0.508573680553591,3164a7a3091a6f1d7f18a477441bc1cf
100,9f7c08197945c90554e79712360d9d5c,a2c,"{'learning_rate': 1e-05, 'n_steps': 20, 'gamma': 0.98, 'ent_coef': 1e-05, 'normalize_advantage': False, 'use_rms_prop': True, 'name': 'variant_1'}",0.18846737385721468,3ed981268ee48f92a656c9537ec0ef9c
101,7f158c5f631a428ceb8ef6c9e27f3196,ppo,"{'learning_rate': 0.0001, 'n_steps': 1024, 'batch_size': 128, 'gamma': 0.99, 'ent_coef': 1e-05, 'clip_range': 0.3, 'gae_lambda': 0.95, 'name': 'variant_1'}",0.3389723559114324,378269c0d7355133aeece6104c50cfee
102,bc27bf6a3691359b97d872b434ca4b6d,ddpg,"{'learning_rate': 1e-05, 'batch_size': 64, 'buffer_size': 1000000, 'tau': 0.01, 'gamma': 0.98, 'train_freq': 1, 'action_noise': 'normal', 'name': 'variant_1'}",0.0,b2346303a687615912a88fda097a438a
103,ba9863776ba599aec04da1d06ca6cd7b,sac,"{'learning_rate': 0.0001, 'batch_size': 128, 'buffer_size': 100000, 'tau': 0.01, 'gamma': 0.98, 'train_freq': 10, 'ent_coef': 'auto', 'name': 'variant_1'}",0.0,5e7d632de81a0bc43cf5bd0acb747d3a
104,48630491c98a18ad96e07e5c322ba6d6,td3,"{'learning_rate': 1e-05, 'batch_size': 128, 'buffer_size': 1000000, 'tau': 0.01, 'gamma': 0.99, 'train_freq': 10, 'action_noise': 'ornstein_uhlenbeck', 'name': 'variant_1'}",0.0,864fe394524f40653cf3f22aef595d46
105,e81f574a6a576c32b519b4851b84283a,a2c,"{'learning_rate': 1e-05, 'n_steps': 20, 'gamma': 0.98, 'ent_coef': 1e-05, 'normalize_advantage': False, 'use_rms_prop': True, 'name': 'variant_2'}",0.03568445789106289,3ed981268ee48f92a656c9537ec0ef9c
106,3fd275706fe2017f51691e1aae316c0e,ppo,"{'learning_rate': 0.0001, 'n_steps': 1024, 'batch_size': 128, 'gamma': 0.99, 'ent_coef': 1e-05, 'clip_range': 0.3, 'gae_lambda': 0.95, 'name': 'variant_2'}",0.39924571037110157,378269c0d7355133aeece6104c50cfee
107,612c925e6bca3f77b628852553910d3c,ddpg,"{'learning_rate': 1e-05, 'batch_size': 64, 'buffer_size': 1000000, 'tau': 0.01, 'gamma': 0.98, 'train_freq': 1, 'action_noise': 'normal', 'name': 'variant_2'}",0.0,b2346303a687615912a88fda097a438a
108,8fa3ce6958d2cd243d08afbe67efa8e1,sac,"{'learning_rate': 0.0001, 'batch_size': 128, 'buffer_size': 100000, 'tau': 0.01, 'gamma': 0.98, 'train_freq': 10, 'ent_coef': 'auto', 'name': 'variant_2'}",0.508573680553591,5e7d632de81a0bc43cf5bd0acb747d3a
109,b8df7f04797d69fc17dba5ddeadd3db8,td3,"{'learning_rate': 1e-05, 'batch_size': 128, 'buffer_size': 1000000, 'tau': 0.01, 'gamma': 0.99, 'train_freq': 10, 'action_noise': 'ornstein_uhlenbeck', 'name': 'variant_2'}",0.508573680553591,864fe394524f40653cf3f22aef595d46
110,d1b7f33b72adeb7a389907e63aad06ba,a2c,"{'learning_rate': 1e-05, 'n_steps': 20, 'gamma': 0.98, 'ent_coef': 1e-05, 'normalize_advantage': False, 'use_rms_prop': True, 'name': 'variant_3'}",0.07177835483746375,3ed981268ee48f92a656c9537ec0ef9c
111,6e5c5e02bde7e56536d6c462a659b9f4,ppo,"{'learning_rate': 0.0001, 'n_steps': 1024, 'batch_size': 128, 'gamma': 0.99, 'ent_coef': 1e-05, 'clip_range': 0.3, 'gae_lambda': 0.95, 'name': 'variant_3'}",-0.009114684257457095,378269c0d7355133aeece6104c50cfee
112,64c1113a41fe59b25dccdf214c1ba33b,ddpg,"{'learning_rate': 1e-05, 'batch_size': 64, 'buffer_size': 1000000, 'tau': 0.01, 'gamma': 0.98, 'train_freq': 1, 'action_noise': 'normal', 'name': 'variant_3'}",0.0,b2346303a687615912a88fda097a438a
113,485245eeac2a09f6584b7d25fe726961,sac,"{'learning_rate': 0.0001, 'batch_size': 128, 'buffer_size': 100000, 'tau': 0.01, 'gamma': 0.98, 'train_freq': 10, 'ent_coef': 'auto', 'name': 'variant_3'}",0.508573680553591,5e7d632de81a0bc43cf5bd0acb747d3a
114,31a7d38bd8cfff354b56cefb3af123eb,td3,"{'learning_rate': 1e-05, 'batch_size': 128, 'buffer_size': 1000000, 'tau': 0.01, 'gamma': 0.99, 'train_freq': 10, 'action_noise': 'ornstein_uhlenbeck', 'name': 'variant_3'}",0.0,864fe394524f40653cf3f22aef595d46
115,335a39560248fc699d296d9730ff755f,a2c,"{'learning_rate': 1e-05, 'n_steps': 20, 'gamma': 0.98, 'ent_coef': 1e-05, 'normalize_advantage': False, 'use_rms_prop': True, 'name': 'variant_4'}",0.2059778646670989,3ed981268ee48f92a656c9537ec0ef9c
116,23015f02d141ba83b286bdf4d110ee2b,ppo,"{'learning_rate': 0.0001, 'n_steps': 1024, 'batch_size': 128, 'gamma': 0.99, 'ent_coef': 1e-05, 'clip_range': 0.3, 'gae_lambda': 0.95, 'name': 'variant_4'}",0.025816993438249725,378269c0d7355133aeece6104c50cfee
117,ba2796f281912a2d09a5a49209375b7f,ddpg,"{'learning_rate': 1e-05, 'batch_size': 64, 'buffer_size': 1000000, 'tau': 0.01, 'gamma': 0.98, 'train_freq': 1, 'action_noise': 'normal', 'name': 'variant_4'}",0.0,b2346303a687615912a88fda097a438a
118,1eaf8a28d881fd834e7f415e88097ee3,sac,"{'learning_rate': 0.0001, 'batch_size': 128, 'buffer_size': 100000, 'tau': 0.01, 'gamma': 0.98, 'train_freq': 10, 'ent_coef': 'auto', 'name': 'variant_4'}",0.508573680553591,5e7d632de81a0bc43cf5bd0acb747d3a
119,88127a94c4d141a31ed0f6598b9d82fb,td3,"{'learning_rate': 1e-05, 'batch_size': 128, 'buffer_size': 1000000, 'tau': 0.01, 'gamma': 0.99, 'train_freq': 10, 'action_noise': 'ornstein_uhlenbeck', 'name': 'variant_4'}",0.508573680553591,864fe394524f40653cf3f22aef595d46
120,eb0bf96569cd5cfdfb5a9548732f1b20,a2c,"{'learning_rate': 1e-05, 'n_steps': 20, 'gamma': 0.98, 'ent_coef': 1e-05, 'normalize_advantage': False, 'use_rms_prop': True, 'name': 'variant_5'}",-0.008312870922305926,3ed981268ee48f92a656c9537ec0ef9c
121,89f45ade73aa10d49c933b101d09e943,ppo,"{'learning_rate': 0.0001, 'n_steps': 1024, 'batch_size': 128, 'gamma': 0.99, 'ent_coef': 1e-05, 'clip_range': 0.3, 'gae_lambda': 0.95, 'name': 'variant_5'}",0.045913528329771136,378269c0d7355133aeece6104c50cfee
122,46cd6cef143600e688fdaddb588cb6de,ddpg,"{'learning_rate': 1e-05, 'batch_size': 64, 'buffer_size': 1000000, 'tau': 0.01, 'gamma': 0.98, 'train_freq': 1, 'action_noise': 'normal', 'name': 'variant_5'}",0.47994761624500315,b2346303a687615912a88fda097a438a
123,0f51890d512b0fda5c16ac026ae6bada,sac,"{'learning_rate': 0.0001, 'batch_size': 128, 'buffer_size': 100000, 'tau': 0.01, 'gamma': 0.98, 'train_freq': 10, 'ent_coef': 'auto', 'name': 'variant_5'}",0.0,5e7d632de81a0bc43cf5bd0acb747d3a
124,2c2e423172a16386f168cdc86ea61d16,td3,"{'learning_rate': 1e-05, 'batch_size': 128, 'buffer_size': 1000000, 'tau': 0.01, 'gamma': 0.99, 'train_freq': 10, 'action_noise': 'ornstein_uhlenbeck', 'name': 'variant_5'}",0.47728178662872334,864fe394524f40653cf3f22aef595d46
125,8b6b6db03b76f73b4f9003e1130b4356,a2c,"{'learning_rate': 1e-05, 'n_steps': 20, 'gamma': 0.98, 'ent_coef': 1e-05, 'normalize_advantage': False, 'use_rms_prop': True, 'name': 'variant_6'}",0.03092365303055611,3ed981268ee48f92a656c9537ec0ef9c
126,41b50fb57bd1099634c8e29414bf5450,ppo,"{'learning_rate': 0.0001, 'n_steps': 1024, 'batch_size': 128, 'gamma': 0.99, 'ent_coef': 1e-05, 'clip_range': 0.3, 'gae_lambda': 0.95, 'name': 'variant_6'}",0.42188167139426636,378269c0d7355133aeece6104c50cfee
127,2f96b8be0e9d01afdc58c4adb38b0615,ddpg,"{'learning_rate': 1e-05, 'batch_size': 64, 'buffer_size': 1000000, 'tau': 0.01, 'gamma': 0.98, 'train_freq': 1, 'action_noise': 'normal', 'name': 'variant_6'}",0.508573680553591,b2346303a687615912a88fda097a438a
128,1ff00197ff7852ab0d2cd34717a6bc97,sac,"{'learning_rate': 0.0001, 'batch_size': 128, 'buffer_size': 100000, 'tau': 0.01, 'gamma': 0.98, 'train_freq': 10, 'ent_coef': 'auto', 'name': 'variant_6'}",0.0,5e7d632de81a0bc43cf5bd0acb747d3a
129,29a0c6b1d8ad806e99a6592fd56b84fa,td3,"{'learning_rate': 1e-05, 'batch_size': 128, 'buffer_size': 1000000, 'tau': 0.01, 'gamma': 0.99, 'train_freq': 10, 'action_noise': 'ornstein_uhlenbeck', 'name': 'variant_6'}",0.0,864fe394524f40653cf3f22aef595d46
130,8ab514a77e8d9f5e027fe248c4e0414d,a2c,"{'learning_rate': 1e-05, 'n_steps': 20, 'gamma': 0.98, 'ent_coef': 1e-05, 'normalize_advantage': False, 'use_rms_prop': True, 'name': 'variant_7'}",0.19709654300134694,3ed981268ee48f92a656c9537ec0ef9c
131,052d37155c8e9ed1ab15fe4d3411ddbe,ppo,"{'learning_rate': 0.0001, 'n_steps': 1024, 'batch_size': 128, 'gamma': 0.99, 'ent_coef': 1e-05, 'clip_range': 0.3, 'gae_lambda': 0.95, 'name': 'variant_7'}",0.26262728238830024,378269c0d7355133aeece6104c50cfee
132,5de02af4aa0459e945a69ac76f5be1d2,ddpg,"{'learning_rate': 1e-05, 'batch_size': 64, 'buffer_size': 1000000, 'tau': 0.01, 'gamma': 0.98, 'train_freq': 1, 'action_noise': 'normal', 'name': 'variant_7'}",0.0,b2346303a687615912a88fda097a438a
133,b9494f78076dbb49b18ea395f1f0d505,sac,"{'learning_rate': 0.0001, 'batch_size': 128, 'buffer_size': 100000, 'tau': 0.01, 'gamma': 0.98, 'train_freq': 10, 'ent_coef': 'auto', 'name': 'variant_7'}",0.508573680553591,5e7d632de81a0bc43cf5bd0acb747d3a
134,e834b3551137e6463aadb082910e7007,td3,"{'learning_rate': 1e-05, 'batch_size': 128, 'buffer_size': 1000000, 'tau': 0.01, 'gamma': 0.99, 'train_freq': 10, 'action_noise': 'ornstein_uhlenbeck', 'name': 'variant_7'}",0.0,864fe394524f40653cf3f22aef595d46
135,70ceb81f07690cb3ea22b93f456ac77a,a2c,"{'learning_rate': 1e-05, 'n_steps': 20, 'gamma': 0.98, 'ent_coef': 1e-05, 'normalize_advantage': False, 'use_rms_prop': True, 'name': 'variant_8'}",0.15637253132490314,3ed981268ee48f92a656c9537ec0ef9c
136,4bacaea49c2052177c3c5587a0c93576,ppo,"{'learning_rate': 0.0001, 'n_steps': 1024, 'batch_size': 128, 'gamma': 0.99, 'ent_coef': 1e-05, 'clip_range': 0.3, 'gae_lambda': 0.95, 'name': 'variant_8'}",0.4813840595152721,378269c0d7355133aeece6104c50cfee
137,a25b8c8b631ac78036dfc4c126651e3a,ddpg,"{'learning_rate': 1e-05, 'batch_size': 64, 'buffer_size': 1000000, 'tau': 0.01, 'gamma': 0.98, 'train_freq': 1, 'action_noise': 'normal', 'name': 'variant_8'}",0.508573680553591,b2346303a687615912a88fda097a438a
138,758ce74dfa68f87b12733d051173d1e8,sac,"{'learning_rate': 0.0001, 'batch_size': 128, 'buffer_size': 100000, 'tau': 0.01, 'gamma': 0.98, 'train_freq': 10, 'ent_coef': 'auto', 'name': 'variant_8'}",0.0,5e7d632de81a0bc43cf5bd0acb747d3a
139,2676b29ef0ce2b8fad031bd3b9125a1f,td3,"{'learning_rate': 1e-05, 'batch_size': 128, 'buffer_size': 1000000, 'tau': 0.01, 'gamma': 0.99, 'train_freq': 10, 'action_noise': 'ornstein_uhlenbeck', 'name': 'variant_8'}",0.508573680553591,864fe394524f40653cf3f22aef595d46
140,c93ec11a551c0a732ab09993b2993771,a2c,"{'learning_rate': 1e-05, 'n_steps': 20, 'gamma': 0.98, 'ent_coef': 1e-05, 'normalize_advantage': False, 'use_rms_prop': True, 'name': 'variant_9'}",0.059382920232352365,3ed981268ee48f92a656c9537ec0ef9c
141,17af0c54a8d7e9bd66923a08726266bd,ppo,"{'learning_rate': 0.0001, 'n_steps': 1024, 'batch_size': 128, 'gamma': 0.99, 'ent_coef': 1e-05, 'clip_range': 0.3, 'gae_lambda': 0.95, 'name': 'variant_9'}",0.10173020576402747,378269c0d7355133aeece6104c50cfee
142,ee14aec79e5dbf87f032703148b2864f,ddpg,"{'learning_rate': 1e-05, 'batch_size': 64, 'buffer_size': 1000000, 'tau': 0.01, 'gamma': 0.98, 'train_freq': 1, 'action_noise': 'normal', 'name': 'variant_9'}",0.0,b2346303a687615912a88fda097a438a
143,61f8ab8caf44afbf7a65a754726bbd81,sac,"{'learning_rate': 0.0001, 'batch_size': 128, 'buffer_size': 100000, 'tau': 0.01, 'gamma': 0.98, 'train_freq': 10, 'ent_coef': 'auto', 'name': 'variant_9'}",0.508573680553591,5e7d632de81a0bc43cf5bd0acb747d3a
144,7c246b8190e46417f3c5ea99dd498cb8,td3,"{'learning_rate': 1e-05, 'batch_size': 128, 'buffer_size': 1000000, 'tau': 0.01, 'gamma': 0.99, 'train_freq': 10, 'action_noise': 'ornstein_uhlenbeck', 'name': 'variant_9'}",0.508573680553591,864fe394524f40653cf3f22aef595d46
145,3729ad5e95f8776db5a24dbb5fafd070,a2c,"{'learning_rate': 1e-05, 'n_steps': 20, 'gamma': 0.98, 'ent_coef': 1e-05, 'normalize_advantage': False, 'use_rms_prop': True, 'name': 'variant_10'}",0.13198986844322258,3ed981268ee48f92a656c9537ec0ef9c
146,789d51018dc25d851c7ee8edf561e057,ppo,"{'learning_rate': 0.0001, 'n_steps': 1024, 'batch_size': 128, 'gamma': 0.99, 'ent_coef': 1e-05, 'clip_range': 0.3, 'gae_lambda': 0.95, 'name': 'variant_10'}",0.22992365991186636,378269c0d7355133aeece6104c50cfee
147,3b9380d87872706d8ac11b6a660f59bd,ddpg,"{'learning_rate': 1e-05, 'batch_size': 64, 'buffer_size': 1000000, 'tau': 0.01, 'gamma': 0.98, 'train_freq': 1, 'action_noise': 'normal', 'name': 'variant_10'}",0.508573680553591,b2346303a687615912a88fda097a438a
148,46bc940bfeeba493539cd7b9d4807a0a,sac,"{'learning_rate': 0.0001, 'batch_size': 128, 'buffer_size': 100000, 'tau': 0.01, 'gamma': 0.98, 'train_freq': 10, 'ent_coef': 'auto', 'name': 'variant_10'}",0.0,5e7d632de81a0bc43cf5bd0acb747d3a
149,52a6d4ed0a880be929ec6b57a481ac98,td3,"{'learning_rate': 1e-05, 'batch_size': 128, 'buffer_size': 1000000, 'tau': 0.01, 'gamma': 0.99, 'train_freq': 10, 'action_noise': 'ornstein_uhlenbeck', 'name': 'variant_10'}",0.508573680553591,864fe394524f40653cf3f22aef595d46
150,2ef62b1befd1b2ab4ee6d9b35e3771b3,a2c,"{'learning_rate': 0.0001, 'n_steps': 20, 'gamma': 0.99, 'ent_coef': 0.001, 'normalize_advantage': True, 'use_rms_prop': False, 'name': 'variant_1'}",0.1554624677651144,64e41ecbb2e88312e431a816c51a4d9f
151,08fc6e107f43ceada15441aea1c0dd9d,ppo,"{'learning_rate': 0.001, 'n_steps': 512, 'batch_size': 128, 'gamma': 0.98, 'ent_coef': 0.001, 'clip_range': 0.3, 'gae_lambda': 0.98, 'name': 'variant_1'}",0.004122290775487203,7012cc6ce0bbcfead8a5be3589ef3720
152,06f9e87df938345af014e51a1ea9ea04,ddpg,"{'learning_rate': 0.0001, 'batch_size': 64, 'buffer_size': 100000, 'tau': 0.01, 'gamma': 0.98, 'train_freq': 10, 'action_noise': 'ornstein_uhlenbeck', 'name': 'variant_1'}",0.0,d9daf039beaee5cae190683379662961
153,59ed7579a094a254ef09e60831b55d0a,sac,"{'learning_rate': 0.001, 'batch_size': 64, 'buffer_size': 1000000, 'tau': 0.005, 'gamma': 0.98, 'train_freq': 10, 'ent_coef': 'auto', 'name': 'variant_1'}",0.0,c6656f7adb1cb0bb411d1ce5abd883fc
154,13fe9f9d019ec29e2d24a1004d50ef4b,td3,"{'learning_rate': 0.0001, 'batch_size': 128, 'buffer_size': 100000, 'tau': 0.01, 'gamma': 0.98, 'train_freq': 10, 'action_noise': 'normal', 'name': 'variant_1'}",0.0,167515587d73015cf6efce69c7608d4b
155,fee2e018eefc30ee74dfea7003b8be10,a2c,"{'learning_rate': 0.0001, 'n_steps': 20, 'gamma': 0.99, 'ent_coef': 0.001, 'normalize_advantage': True, 'use_rms_prop': False, 'name': 'variant_2'}",0.08014079709868249,64e41ecbb2e88312e431a816c51a4d9f
156,00d066119e5ab684de8e52980c53b237,ppo,"{'learning_rate': 0.001, 'n_steps': 512, 'batch_size': 128, 'gamma': 0.98, 'ent_coef': 0.001, 'clip_range': 0.3, 'gae_lambda': 0.98, 'name': 'variant_2'}",-0.00949261982145877,7012cc6ce0bbcfead8a5be3589ef3720
157,f68b9437888be6f645ceccd5e6c49f36,ddpg,"{'learning_rate': 0.0001, 'batch_size': 64, 'buffer_size': 100000, 'tau': 0.01, 'gamma': 0.98, 'train_freq': 10, 'action_noise': 'ornstein_uhlenbeck', 'name': 'variant_2'}",0.0,d9daf039beaee5cae190683379662961
158,4ea890326e7cb9ad4d5496459ffb11be,sac,"{'learning_rate': 0.001, 'batch_size': 64, 'buffer_size': 1000000, 'tau': 0.005, 'gamma': 0.98, 'train_freq': 10, 'ent_coef': 'auto', 'name': 'variant_2'}",0.0,c6656f7adb1cb0bb411d1ce5abd883fc
159,8940bb56e344b10a5dd673dee83553de,td3,"{'learning_rate': 0.0001, 'batch_size': 128, 'buffer_size': 100000, 'tau': 0.01, 'gamma': 0.98, 'train_freq': 10, 'action_noise': 'normal', 'name': 'variant_2'}",0.508573680553591,167515587d73015cf6efce69c7608d4b
160,85697b12c66ce0c0fa323f84d6eb3eec,a2c,"{'learning_rate': 0.0001, 'n_steps': 20, 'gamma': 0.99, 'ent_coef': 0.001, 'normalize_advantage': True, 'use_rms_prop': False, 'name': 'variant_3'}",0.18141964922804799,64e41ecbb2e88312e431a816c51a4d9f
161,8e7e4fddd02f80f456a72a3699704f56,ppo,"{'learning_rate': 0.001, 'n_steps': 512, 'batch_size': 128, 'gamma': 0.98, 'ent_coef': 0.001, 'clip_range': 0.3, 'gae_lambda': 0.98, 'name': 'variant_3'}",0.42828350803916027,7012cc6ce0bbcfead8a5be3589ef3720
162,0fa2c859018fcd0e270d3c14b156449f,ddpg,"{'learning_rate': 0.0001, 'batch_size': 64, 'buffer_size': 100000, 'tau': 0.01, 'gamma': 0.98, 'train_freq': 10, 'action_noise': 'ornstein_uhlenbeck', 'name': 'variant_3'}",0.0,d9daf039beaee5cae190683379662961
163,401eb9b4a3126324a7a9087d1747a999,sac,"{'learning_rate': 0.001, 'batch_size': 64, 'buffer_size': 1000000, 'tau': 0.005, 'gamma': 0.98, 'train_freq': 10, 'ent_coef': 'auto', 'name': 'variant_3'}",0.0,c6656f7adb1cb0bb411d1ce5abd883fc
164,5c3a897b0b393d4649fa0d3d9583db16,td3,"{'learning_rate': 0.0001, 'batch_size': 128, 'buffer_size': 100000, 'tau': 0.01, 'gamma': 0.98, 'train_freq': 10, 'action_noise': 'normal', 'name': 'variant_3'}",0.0,167515587d73015cf6efce69c7608d4b
165,69b9420a0b94e4a18bc5060d42f94146,a2c,"{'learning_rate': 0.0001, 'n_steps': 20, 'gamma': 0.99, 'ent_coef': 0.001, 'normalize_advantage': True, 'use_rms_prop': False, 'name': 'variant_4'}",0.0678464595274455,64e41ecbb2e88312e431a816c51a4d9f
166,d2c4832de51bc75e6bcedcaa315a1159,ppo,"{'learning_rate': 0.001, 'n_steps': 512, 'batch_size': 128, 'gamma': 0.98, 'ent_coef': 0.001, 'clip_range': 0.3, 'gae_lambda': 0.98, 'name': 'variant_4'}",0.19037695014123157,7012cc6ce0bbcfead8a5be3589ef3720
167,512dbb2cc68919fdbe4735f03ba2ad0e,ddpg,"{'learning_rate': 0.0001, 'batch_size': 64, 'buffer_size': 100000, 'tau': 0.01, 'gamma': 0.98, 'train_freq': 10, 'action_noise': 'ornstein_uhlenbeck', 'name': 'variant_4'}",0.0,d9daf039beaee5cae190683379662961
168,c9e5ab3a15b4b384a072d84f9a4fe1a8,sac,"{'learning_rate': 0.001, 'batch_size': 64, 'buffer_size': 1000000, 'tau': 0.005, 'gamma': 0.98, 'train_freq': 10, 'ent_coef': 'auto', 'name': 'variant_4'}",0.0,c6656f7adb1cb0bb411d1ce5abd883fc
169,8e92660149f85741c9f867fa0d52b4ea,td3,"{'learning_rate': 0.0001, 'batch_size': 128, 'buffer_size': 100000, 'tau': 0.01, 'gamma': 0.98, 'train_freq': 10, 'action_noise': 'normal', 'name': 'variant_4'}",0.0,167515587d73015cf6efce69c7608d4b
170,1d8f687da15161372c3a74b7e91670fa,a2c,"{'learning_rate': 0.0001, 'n_steps': 20, 'gamma': 0.99, 'ent_coef': 0.001, 'normalize_advantage': True, 'use_rms_prop': False, 'name': 'variant_5'}",0.2928059288642142,64e41ecbb2e88312e431a816c51a4d9f
171,39f461aca32fcc7c08b5bbb32a961295,ppo,"{'learning_rate': 0.001, 'n_steps': 512, 'batch_size': 128, 'gamma': 0.98, 'ent_coef': 0.001, 'clip_range': 0.3, 'gae_lambda': 0.98, 'name': 'variant_5'}",0.002999225492100299,7012cc6ce0bbcfead8a5be3589ef3720
172,efe0706b00c6187d90a7e5b4b2e70bf2,ddpg,"{'learning_rate': 0.0001, 'batch_size': 64, 'buffer_size': 100000, 'tau': 0.01, 'gamma': 0.98, 'train_freq': 10, 'action_noise': 'ornstein_uhlenbeck', 'name': 'variant_5'}",0.508573680553591,d9daf039beaee5cae190683379662961
173,3a99acf82acaba325821fe61d9397f5d,sac,"{'learning_rate': 0.001, 'batch_size': 64, 'buffer_size': 1000000, 'tau': 0.005, 'gamma': 0.98, 'train_freq': 10, 'ent_coef': 'auto', 'name': 'variant_5'}",0.0,c6656f7adb1cb0bb411d1ce5abd883fc
174,85a0868c7795b2f6e509630eaff0cbf1,td3,"{'learning_rate': 0.0001, 'batch_size': 128, 'buffer_size': 100000, 'tau': 0.01, 'gamma': 0.98, 'train_freq': 10, 'action_noise': 'normal', 'name': 'variant_5'}",0.508573680553591,167515587d73015cf6efce69c7608d4b
175,272e35b5e2f2668849bcb9a646c20298,a2c,"{'learning_rate': 0.0001, 'n_steps': 20, 'gamma': 0.99, 'ent_coef': 0.001, 'normalize_advantage': True, 'use_rms_prop': False, 'name': 'variant_6'}",0.046516809167272744,64e41ecbb2e88312e431a816c51a4d9f
176,774eb6750fff6c524cce0e0ba63ebfe2,ppo,"{'learning_rate': 0.001, 'n_steps': 512, 'batch_size': 128, 'gamma': 0.98, 'ent_coef': 0.001, 'clip_range': 0.3, 'gae_lambda': 0.98, 'name': 'variant_6'}",0.47940873993474775,7012cc6ce0bbcfead8a5be3589ef3720
177,4552eca89653342a8d3efea08f301e9f,ddpg,"{'learning_rate': 0.0001, 'batch_size': 64, 'buffer_size': 100000, 'tau': 0.01, 'gamma': 0.98, 'train_freq': 10, 'action_noise': 'ornstein_uhlenbeck', 'name': 'variant_6'}",0.0,d9daf039beaee5cae190683379662961
178,85065140b03ee6fb6030378880520157,sac,"{'learning_rate': 0.001, 'batch_size': 64, 'buffer_size': 1000000, 'tau': 0.005, 'gamma': 0.98, 'train_freq': 10, 'ent_coef': 'auto', 'name': 'variant_6'}",0.508573680553591,c6656f7adb1cb0bb411d1ce5abd883fc
179,8b45ee72c67eb956c3ceb573a4f25ee4,td3,"{'learning_rate': 0.0001, 'batch_size': 128, 'buffer_size': 100000, 'tau': 0.01, 'gamma': 0.98, 'train_freq': 10, 'action_noise': 'normal', 'name': 'variant_6'}",0.0,167515587d73015cf6efce69c7608d4b
180,4e231f15b294248898eb91e8c0d33c54,a2c,"{'learning_rate': 0.0001, 'n_steps': 20, 'gamma': 0.99, 'ent_coef': 0.001, 'normalize_advantage': True, 'use_rms_prop': False, 'name': 'variant_7'}",0.16260502521856157,64e41ecbb2e88312e431a816c51a4d9f
181,665d6dce4d2389d14605647ea5c1a113,ppo,"{'learning_rate': 0.001, 'n_steps': 512, 'batch_size': 128, 'gamma': 0.98, 'ent_coef': 0.001, 'clip_range': 0.3, 'gae_lambda': 0.98, 'name': 'variant_7'}",-0.0038276930963911937,7012cc6ce0bbcfead8a5be3589ef3720
182,a06b6b3dab4bb42ff1c8c0c34169ffb4,ddpg,"{'learning_rate': 0.0001, 'batch_size': 64, 'buffer_size': 100000, 'tau': 0.01, 'gamma': 0.98, 'train_freq': 10, 'action_noise': 'ornstein_uhlenbeck', 'name': 'variant_7'}",0.508573680553591,d9daf039beaee5cae190683379662961
183,52df0bc181d0dfc24b9a4c9897e14dc6,sac,"{'learning_rate': 0.001, 'batch_size': 64, 'buffer_size': 1000000, 'tau': 0.005, 'gamma': 0.98, 'train_freq': 10, 'ent_coef': 'auto', 'name': 'variant_7'}",0.0,c6656f7adb1cb0bb411d1ce5abd883fc
184,bcae4135fc63149c8bb94dbbc96c8a7f,td3,"{'learning_rate': 0.0001, 'batch_size': 128, 'buffer_size': 100000, 'tau': 0.01, 'gamma': 0.98, 'train_freq': 10, 'action_noise': 'normal', 'name': 'variant_7'}",0.508573680553591,167515587d73015cf6efce69c7608d4b
185,f47d5c6003fc07cdfc5af9a96b6a7c7b,a2c,"{'learning_rate': 0.0001, 'n_steps': 20, 'gamma': 0.99, 'ent_coef': 0.001, 'normalize_advantage': True, 'use_rms_prop': False, 'name': 'variant_8'}",0.1377946077864476,64e41ecbb2e88312e431a816c51a4d9f
186,cf20e27b4d501361d7201ac2bc2ab90a,ppo,"{'learning_rate': 0.001, 'n_steps': 512, 'batch_size': 128, 'gamma': 0.98, 'ent_coef': 0.001, 'clip_range': 0.3, 'gae_lambda': 0.98, 'name': 'variant_8'}",0.10484746818897905,7012cc6ce0bbcfead8a5be3589ef3720
187,338cff03a3b8e2218e0f65edc5d321cb,ddpg,"{'learning_rate': 0.0001, 'batch_size': 64, 'buffer_size': 100000, 'tau': 0.01, 'gamma': 0.98, 'train_freq': 10, 'action_noise': 'ornstein_uhlenbeck', 'name': 'variant_8'}",0.508573680553591,d9daf039beaee5cae190683379662961
188,c399456697bc9c81a9e5077b9bbe32f2,sac,"{'learning_rate': 0.001, 'batch_size': 64, 'buffer_size': 1000000, 'tau': 0.005, 'gamma': 0.98, 'train_freq': 10, 'ent_coef': 'auto', 'name': 'variant_8'}",0.508573680553591,c6656f7adb1cb0bb411d1ce5abd883fc
189,c1412916480a1e178a6868f65e89968a,td3,"{'learning_rate': 0.0001, 'batch_size': 128, 'buffer_size': 100000, 'tau': 0.01, 'gamma': 0.98, 'train_freq': 10, 'action_noise': 'normal', 'name': 'variant_8'}",0.508573680553591,167515587d73015cf6efce69c7608d4b
190,494d39b79077c34321e40f914e1ca33b,a2c,"{'learning_rate': 0.0001, 'n_steps': 20, 'gamma': 0.99, 'ent_coef': 0.001, 'normalize_advantage': True, 'use_rms_prop': False, 'name': 'variant_9'}",0.30121898536088154,64e41ecbb2e88312e431a816c51a4d9f
191,792b19dd16ba417a7641e50e5d33b13c,ppo,"{'learning_rate': 0.001, 'n_steps': 512, 'batch_size': 128, 'gamma': 0.98, 'ent_coef': 0.001, 'clip_range': 0.3, 'gae_lambda': 0.98, 'name': 'variant_9'}",0.014234637656583615,7012cc6ce0bbcfead8a5be3589ef3720
192,16f9e4f2b786ba48fb543a30edae4138,ddpg,"{'learning_rate': 0.0001, 'batch_size': 64, 'buffer_size': 100000, 'tau': 0.01, 'gamma': 0.98, 'train_freq': 10, 'action_noise': 'ornstein_uhlenbeck', 'name': 'variant_9'}",0.0,d9daf039beaee5cae190683379662961
193,c4900d99d85c7f038430043a285ffdca,sac,"{'learning_rate': 0.001, 'batch_size': 64, 'buffer_size': 1000000, 'tau': 0.005, 'gamma': 0.98, 'train_freq': 10, 'ent_coef': 'auto', 'name': 'variant_9'}",0.0,c6656f7adb1cb0bb411d1ce5abd883fc
194,d882c234f4624d75a7faaef260947044,td3,"{'learning_rate': 0.0001, 'batch_size': 128, 'buffer_size': 100000, 'tau': 0.01, 'gamma': 0.98, 'train_freq': 10, 'action_noise': 'normal', 'name': 'variant_9'}",0.508573680553591,167515587d73015cf6efce69c7608d4b
195,80b613b134348df753a284f52c348059,a2c,"{'learning_rate': 0.0001, 'n_steps': 20, 'gamma': 0.99, 'ent_coef': 0.001, 'normalize_advantage': True, 'use_rms_prop': False, 'name': 'variant_10'}",0.2791218745509796,64e41ecbb2e88312e431a816c51a4d9f
196,85c4c5724affdf4cd09dc7fa641ed983,ppo,"{'learning_rate': 0.001, 'n_steps': 512, 'batch_size': 128, 'gamma': 0.98, 'ent_coef': 0.001, 'clip_range': 0.3, 'gae_lambda': 0.98, 'name': 'variant_10'}",-0.005761189382697984,7012cc6ce0bbcfead8a5be3589ef3720
197,f21c0bd03e9326a5442e122b24c7ca8e,ddpg,"{'learning_rate': 0.0001, 'batch_size': 64, 'buffer_size': 100000, 'tau': 0.01, 'gamma': 0.98, 'train_freq': 10, 'action_noise': 'ornstein_uhlenbeck', 'name': 'variant_10'}",0.508573680553591,d9daf039beaee5cae190683379662961
198,21445e7ef98ed0e360cfb54ebc11b05a,sac,"{'learning_rate': 0.001, 'batch_size': 64, 'buffer_size': 1000000, 'tau': 0.005, 'gamma': 0.98, 'train_freq': 10, 'ent_coef': 'auto', 'name': 'variant_10'}",0.0,c6656f7adb1cb0bb411d1ce5abd883fc
199,a7940d33155214f86f23644fd3e0235d,td3,"{'learning_rate': 0.0001, 'batch_size': 128, 'buffer_size': 100000, 'tau': 0.01, 'gamma': 0.98, 'train_freq': 10, 'action_noise': 'normal', 'name': 'variant_10'}",0.508573680553591,167515587d73015cf6efce69c7608d4b
200,9fde186c4f8f57d741a098264b0ad530,a2c,"{'learning_rate': 0.0007, 'n_steps': 20, 'gamma': 0.98, 'ent_coef': 0.001, 'normalize_advantage': True, 'use_rms_prop': True, 'name': 'variant_1'}",0.047173993822103855,135da7550c08b74c58ea0f925d16e17e
201,2df4ea907155b609cd8cd09c13fd067e,ppo,"{'learning_rate': 0.0001, 'n_steps': 2048, 'batch_size': 128, 'gamma': 0.98, 'ent_coef': 0.001, 'clip_range': 0.2, 'gae_lambda': 0.98, 'name': 'variant_1'}",0.3160020179654297,a2b82fd90c6d393e529180f86dd31183
202,2682c26869d1f82f3a913cf4e50c723b,ddpg,"{'learning_rate': 0.001, 'batch_size': 64, 'buffer_size': 100000, 'tau': 0.01, 'gamma': 0.98, 'train_freq': 10, 'action_noise': 'ornstein_uhlenbeck', 'name': 'variant_1'}",0.0,9163b544d6524ecef9d6b28212125fb2
203,897ce92e699797918ec153f88d962c22,sac,"{'learning_rate': 1e-05, 'batch_size': 64, 'buffer_size': 100000, 'tau': 0.005, 'gamma': 0.98, 'train_freq': 1, 'ent_coef': 'auto', 'name': 'variant_1'}",0.508573680553591,9bdeac935bec06518b45bc36598df1be
204,a894cde6b1f2981bb0de958d8ef81a7b,td3,"{'learning_rate': 0.0001, 'batch_size': 128, 'buffer_size': 1000000, 'tau': 0.005, 'gamma': 0.99, 'train_freq': 1, 'action_noise': 'ornstein_uhlenbeck', 'name': 'variant_1'}",0.508573680553591,e353955e47416c7daeb79eb87b101bfe
205,6646f90ce877d2a5a5aa02504fca2497,a2c,"{'learning_rate': 0.0007, 'n_steps': 20, 'gamma': 0.98, 'ent_coef': 0.001, 'normalize_advantage': True, 'use_rms_prop': True, 'name': 'variant_2'}",0.0026777820647159167,135da7550c08b74c58ea0f925d16e17e
206,7a7a061eb975d7e8c34672e477750880,ppo,"{'learning_rate': 0.0001, 'n_steps': 2048, 'batch_size': 128, 'gamma': 0.98, 'ent_coef': 0.001, 'clip_range': 0.2, 'gae_lambda': 0.98, 'name': 'variant_2'}",0.01510591281396878,a2b82fd90c6d393e529180f86dd31183
207,a99a4383a077a1d65168fa7d459712ee,ddpg,"{'learning_rate': 0.001, 'batch_size': 64, 'buffer_size': 100000, 'tau': 0.01, 'gamma': 0.98, 'train_freq': 10, 'action_noise': 'ornstein_uhlenbeck', 'name': 'variant_2'}",0.0,9163b544d6524ecef9d6b28212125fb2
208,dbec43e7acf197da931a1d251c2cf8ea,sac,"{'learning_rate': 1e-05, 'batch_size': 64, 'buffer_size': 100000, 'tau': 0.005, 'gamma': 0.98, 'train_freq': 1, 'ent_coef': 'auto', 'name': 'variant_2'}",0.47994761624500315,9bdeac935bec06518b45bc36598df1be
209,5b0b2a8f5afbec77de22dcdbf335161a,td3,"{'learning_rate': 0.0001, 'batch_size': 128, 'buffer_size': 1000000, 'tau': 0.005, 'gamma': 0.99, 'train_freq': 1, 'action_noise': 'ornstein_uhlenbeck', 'name': 'variant_2'}",0.508573680553591,e353955e47416c7daeb79eb87b101bfe
210,4d294eb13c33fdfbe3ea2ec65608328e,a2c,"{'learning_rate': 0.0007, 'n_steps': 20, 'gamma': 0.98, 'ent_coef': 0.001, 'normalize_advantage': True, 'use_rms_prop': True, 'name': 'variant_3'}",0.5030720704350813,135da7550c08b74c58ea0f925d16e17e
211,7b6768a7f12593182c58643c01c1911f,ppo,"{'learning_rate': 0.0001, 'n_steps': 2048, 'batch_size': 128, 'gamma': 0.98, 'ent_coef': 0.001, 'clip_range': 0.2, 'gae_lambda': 0.98, 'name': 'variant_3'}",0.3150994106791818,a2b82fd90c6d393e529180f86dd31183
212,4f05fe710ffaac322e61ba922bbedcd5,ddpg,"{'learning_rate': 0.001, 'batch_size': 64, 'buffer_size': 100000, 'tau': 0.01, 'gamma': 0.98, 'train_freq': 10, 'action_noise': 'ornstein_uhlenbeck', 'name': 'variant_3'}",0.0,9163b544d6524ecef9d6b28212125fb2
213,e738cd2c3953c30beb1cde4274261d70,sac,"{'learning_rate': 1e-05, 'batch_size': 64, 'buffer_size': 100000, 'tau': 0.005, 'gamma': 0.98, 'train_freq': 1, 'ent_coef': 'auto', 'name': 'variant_3'}",0.0,9bdeac935bec06518b45bc36598df1be
214,d39891dd23dbd3ee561e59747421f01f,td3,"{'learning_rate': 0.0001, 'batch_size': 128, 'buffer_size': 1000000, 'tau': 0.005, 'gamma': 0.99, 'train_freq': 1, 'action_noise': 'ornstein_uhlenbeck', 'name': 'variant_3'}",0.0,e353955e47416c7daeb79eb87b101bfe
215,e467d445eb530e1db7ec32a06d73b437,a2c,"{'learning_rate': 0.0007, 'n_steps': 20, 'gamma': 0.98, 'ent_coef': 0.001, 'normalize_advantage': True, 'use_rms_prop': True, 'name': 'variant_4'}",0.0,135da7550c08b74c58ea0f925d16e17e
216,f8176bcae4043c6af5099fc85d3ea710,ppo,"{'learning_rate': 0.0001, 'n_steps': 2048, 'batch_size': 128, 'gamma': 0.98, 'ent_coef': 0.001, 'clip_range': 0.2, 'gae_lambda': 0.98, 'name': 'variant_4'}",0.04745401493502044,a2b82fd90c6d393e529180f86dd31183
217,d5123c0e446456de68ef4740aa570801,ddpg,"{'learning_rate': 0.001, 'batch_size': 64, 'buffer_size': 100000, 'tau': 0.01, 'gamma': 0.98, 'train_freq': 10, 'action_noise': 'ornstein_uhlenbeck', 'name': 'variant_4'}",0.0,9163b544d6524ecef9d6b28212125fb2
218,93e57ab3a2d2fa75b658042e173a1c95,sac,"{'learning_rate': 1e-05, 'batch_size': 64, 'buffer_size': 100000, 'tau': 0.005, 'gamma': 0.98, 'train_freq': 1, 'ent_coef': 'auto', 'name': 'variant_4'}",0.508573680553591,9bdeac935bec06518b45bc36598df1be
219,b9f24e754cc1624cefee5f462a959749,td3,"{'learning_rate': 0.0001, 'batch_size': 128, 'buffer_size': 1000000, 'tau': 0.005, 'gamma': 0.99, 'train_freq': 1, 'action_noise': 'ornstein_uhlenbeck', 'name': 'variant_4'}",0.0,e353955e47416c7daeb79eb87b101bfe
220,b62a053f1f4dd16af7b7b47fe2fbe2f1,a2c,"{'learning_rate': 0.0007, 'n_steps': 20, 'gamma': 0.98, 'ent_coef': 0.001, 'normalize_advantage': True, 'use_rms_prop': True, 'name': 'variant_5'}",0.38702138216387794,135da7550c08b74c58ea0f925d16e17e
221,494cf5df1bc71e89a6db587faf5b96dc,ppo,"{'learning_rate': 0.0001, 'n_steps': 2048, 'batch_size': 128, 'gamma': 0.98, 'ent_coef': 0.001, 'clip_range': 0.2, 'gae_lambda': 0.98, 'name': 'variant_5'}",0.1111988303343836,a2b82fd90c6d393e529180f86dd31183
222,46e26f6742ceea34ef405759ce8f2bda,ddpg,"{'learning_rate': 0.001, 'batch_size': 64, 'buffer_size': 100000, 'tau': 0.01, 'gamma': 0.98, 'train_freq': 10, 'action_noise': 'ornstein_uhlenbeck', 'name': 'variant_5'}",0.508573680553591,9163b544d6524ecef9d6b28212125fb2
223,48762f53a5a4121283f611782dd3c20c,sac,"{'learning_rate': 1e-05, 'batch_size': 64, 'buffer_size': 100000, 'tau': 0.005, 'gamma': 0.98, 'train_freq': 1, 'ent_coef': 'auto', 'name': 'variant_5'}",0.508573680553591,9bdeac935bec06518b45bc36598df1be
224,28ffc420212862dcd3d23b117ff50f38,td3,"{'learning_rate': 0.0001, 'batch_size': 128, 'buffer_size': 1000000, 'tau': 0.005, 'gamma': 0.99, 'train_freq': 1, 'action_noise': 'ornstein_uhlenbeck', 'name': 'variant_5'}",0.508573680553591,e353955e47416c7daeb79eb87b101bfe
225,9f24737d6dd1b9e6c5a715e7501cf334,a2c,"{'learning_rate': 0.0007, 'n_steps': 20, 'gamma': 0.98, 'ent_coef': 0.001, 'normalize_advantage': True, 'use_rms_prop': True, 'name': 'variant_6'}",0.4995224644774856,135da7550c08b74c58ea0f925d16e17e
226,94542a9cba93ab873c0a875ea6eaef09,ppo,"{'learning_rate': 0.0001, 'n_steps': 2048, 'batch_size': 128, 'gamma': 0.98, 'ent_coef': 0.001, 'clip_range': 0.2, 'gae_lambda': 0.98, 'name': 'variant_6'}",0.09841042836742475,a2b82fd90c6d393e529180f86dd31183
227,d4e225d57071859f66bd124dda8e49a9,ddpg,"{'learning_rate': 0.001, 'batch_size': 64, 'buffer_size': 100000, 'tau': 0.01, 'gamma': 0.98, 'train_freq': 10, 'action_noise': 'ornstein_uhlenbeck', 'name': 'variant_6'}",0.0,9163b544d6524ecef9d6b28212125fb2
228,219490a2d2135c7f5b1275acc8114b89,sac,"{'learning_rate': 1e-05, 'batch_size': 64, 'buffer_size': 100000, 'tau': 0.005, 'gamma': 0.98, 'train_freq': 1, 'ent_coef': 'auto', 'name': 'variant_6'}",0.0,9bdeac935bec06518b45bc36598df1be
229,484e6325b7c555ffbec1c77b0eb583a2,td3,"{'learning_rate': 0.0001, 'batch_size': 128, 'buffer_size': 1000000, 'tau': 0.005, 'gamma': 0.99, 'train_freq': 1, 'action_noise': 'ornstein_uhlenbeck', 'name': 'variant_6'}",0.0,e353955e47416c7daeb79eb87b101bfe
230,0d9ebb26b9acbe44383db4a4fded878a,a2c,"{'learning_rate': 0.0007, 'n_steps': 20, 'gamma': 0.98, 'ent_coef': 0.001, 'normalize_advantage': True, 'use_rms_prop': True, 'name': 'variant_7'}",0.2937323398963396,135da7550c08b74c58ea0f925d16e17e
231,6ba7dcf3e6889e2da1eab236bc187657,ppo,"{'learning_rate': 0.0001, 'n_steps': 2048, 'batch_size': 128, 'gamma': 0.98, 'ent_coef': 0.001, 'clip_range': 0.2, 'gae_lambda': 0.98, 'name': 'variant_7'}",0.36593925920485515,a2b82fd90c6d393e529180f86dd31183
232,aec83b58ac7f90014063aba88f6bb1aa,ddpg,"{'learning_rate': 0.001, 'batch_size': 64, 'buffer_size': 100000, 'tau': 0.01, 'gamma': 0.98, 'train_freq': 10, 'action_noise': 'ornstein_uhlenbeck', 'name': 'variant_7'}",0.0,9163b544d6524ecef9d6b28212125fb2
233,3af90a82bb7eae416fae9c2b2c327345,sac,"{'learning_rate': 1e-05, 'batch_size': 64, 'buffer_size': 100000, 'tau': 0.005, 'gamma': 0.98, 'train_freq': 1, 'ent_coef': 'auto', 'name': 'variant_7'}",0.0,9bdeac935bec06518b45bc36598df1be
234,eb15e3db70491dbe5f02ae715911f3f9,td3,"{'learning_rate': 0.0001, 'batch_size': 128, 'buffer_size': 1000000, 'tau': 0.005, 'gamma': 0.99, 'train_freq': 1, 'action_noise': 'ornstein_uhlenbeck', 'name': 'variant_7'}",0.508573680553591,e353955e47416c7daeb79eb87b101bfe
235,e2e85b3e9f72df33402752cfb865b881,a2c,"{'learning_rate': 0.0007, 'n_steps': 20, 'gamma': 0.98, 'ent_coef': 0.001, 'normalize_advantage': True, 'use_rms_prop': True, 'name': 'variant_8'}",0.0002805503634835116,135da7550c08b74c58ea0f925d16e17e
236,989a621aba16f82f98617ad9de86f15c,ppo,"{'learning_rate': 0.0001, 'n_steps': 2048, 'batch_size': 128, 'gamma': 0.98, 'ent_coef': 0.001, 'clip_range': 0.2, 'gae_lambda': 0.98, 'name': 'variant_8'}",0.031051508557198293,a2b82fd90c6d393e529180f86dd31183
237,70e20c0968de7e1060390b14c2285f75,ddpg,"{'learning_rate': 0.001, 'batch_size': 64, 'buffer_size': 100000, 'tau': 0.01, 'gamma': 0.98, 'train_freq': 10, 'action_noise': 'ornstein_uhlenbeck', 'name': 'variant_8'}",0.0,9163b544d6524ecef9d6b28212125fb2
238,d374df4692f6eb564de760e93000106a,sac,"{'learning_rate': 1e-05, 'batch_size': 64, 'buffer_size': 100000, 'tau': 0.005, 'gamma': 0.98, 'train_freq': 1, 'ent_coef': 'auto', 'name': 'variant_8'}",0.508573680553591,9bdeac935bec06518b45bc36598df1be
239,9d018785f42d22ad8ed06bc870c6dbd4,td3,"{'learning_rate': 0.0001, 'batch_size': 128, 'buffer_size': 1000000, 'tau': 0.005, 'gamma': 0.99, 'train_freq': 1, 'action_noise': 'ornstein_uhlenbeck', 'name': 'variant_8'}",0.0,e353955e47416c7daeb79eb87b101bfe
240,48d38342959b4bbe4d906adaf841dc03,a2c,"{'learning_rate': 0.0007, 'n_steps': 20, 'gamma': 0.98, 'ent_coef': 0.001, 'normalize_advantage': True, 'use_rms_prop': True, 'name': 'variant_9'}",0.38366995179027574,135da7550c08b74c58ea0f925d16e17e
241,f7ced00835bca1bd0656eb0a588c1b22,ppo,"{'learning_rate': 0.0001, 'n_steps': 2048, 'batch_size': 128, 'gamma': 0.98, 'ent_coef': 0.001, 'clip_range': 0.2, 'gae_lambda': 0.98, 'name': 'variant_9'}",0.3411739113404373,a2b82fd90c6d393e529180f86dd31183
242,c3fc511dd89bc9a0763f99b5fafb5c3d,ddpg,"{'learning_rate': 0.001, 'batch_size': 64, 'buffer_size': 100000, 'tau': 0.01, 'gamma': 0.98, 'train_freq': 10, 'action_noise': 'ornstein_uhlenbeck', 'name': 'variant_9'}",0.0,9163b544d6524ecef9d6b28212125fb2
243,e08949b188d72e5e27ef8b275e9ee01b,sac,"{'learning_rate': 1e-05, 'batch_size': 64, 'buffer_size': 100000, 'tau': 0.005, 'gamma': 0.98, 'train_freq': 1, 'ent_coef': 'auto', 'name': 'variant_9'}",0.0,9bdeac935bec06518b45bc36598df1be
244,a1ce5b8a9dbbee886bf1528cc83064e4,td3,"{'learning_rate': 0.0001, 'batch_size': 128, 'buffer_size': 1000000, 'tau': 0.005, 'gamma': 0.99, 'train_freq': 1, 'action_noise': 'ornstein_uhlenbeck', 'name': 'variant_9'}",0.0,e353955e47416c7daeb79eb87b101bfe
245,92fedb5e6877bce69737e7e0a7fa3270,a2c,"{'learning_rate': 0.0007, 'n_steps': 20, 'gamma': 0.98, 'ent_coef': 0.001, 'normalize_advantage': True, 'use_rms_prop': True, 'name': 'variant_10'}",0.0017655267246496908,135da7550c08b74c58ea0f925d16e17e
246,f270b6e6014b248e7aade2f1f00c5198,ppo,"{'learning_rate': 0.0001, 'n_steps': 2048, 'batch_size': 128, 'gamma': 0.98, 'ent_coef': 0.001, 'clip_range': 0.2, 'gae_lambda': 0.98, 'name': 'variant_10'}",0.03141432127947685,a2b82fd90c6d393e529180f86dd31183
247,e2796f21b37e2d33159892ac666fa3f5,ddpg,"{'learning_rate': 0.001, 'batch_size': 64, 'buffer_size': 100000, 'tau': 0.01, 'gamma': 0.98, 'train_freq': 10, 'action_noise': 'ornstein_uhlenbeck', 'name': 'variant_10'}",0.508573680553591,9163b544d6524ecef9d6b28212125fb2
248,76f4cad41f59db7480b772b2b4661411,sac,"{'learning_rate': 1e-05, 'batch_size': 64, 'buffer_size': 100000, 'tau': 0.005, 'gamma': 0.98, 'train_freq': 1, 'ent_coef': 'auto', 'name': 'variant_10'}",0.508573680553591,9bdeac935bec06518b45bc36598df1be
249,2307ec4fd9bfd60b044837e093251582,td3,"{'learning_rate': 0.0001, 'batch_size': 128, 'buffer_size': 1000000, 'tau': 0.005, 'gamma': 0.99, 'train_freq': 1, 'action_noise': 'ornstein_uhlenbeck', 'name': 'variant_10'}",0.0,e353955e47416c7daeb79eb87b101bfe
